1, ford, 2011, 190552, 2899
3, ford, 2014, 64146, 25000
9, ford, 2017, 63418, 5250
14, ford, 2013, 100757, 20700
18, ford, 2017, 35714, 5210
19, ford, 2013, 54380, 38100
23, ford, 2017, 46010, 6180
24, ford, 2013, 105510, 20800
28, ford, 2017, 44174, 4190
29, ford, 2008, 93698, 13000
33, ford, 2017, 37792, 5330
34, ford, 2003, 58817, 13000
38, ford, 2017, 32366, 7320
39, ford, 2003, 176567, 7000
43, ford, 2017, 38123, 6330
44, ford, 2017, 15273, 55000
49, ford, 2017, 26241, 54000
53, ford, 2017, 44794, 7760
63, ford, 2017, 29942, 6650
68, ford, 2017, 25602, 4340
73, ford, 2017, 31792, 4430
78, ford, 2017, 36732, 4140
83, ford, 2017, 36139, 4640
84, ford, 2016, 84413, 24000
88, ford, 2017, 17617, 4140
89, ford, 2016, 36855, 11500
90, ford, 2017, 110316, 9110
93, ford, 2017, 120353, 9300
96, ford, 2017, 39333, 15110
97, ford, 2015, 42930, 34000
99, ford, 2017, 44929, 5990
100, ford, 2018, 16971, 13600
102, ford, 2017, 40455, 10780
103, ford, 2018, 23164, 13800
105, ford, 2017, 45191, 7070
106, ford, 2018, 21405, 8700
108, ford, 2017, 42104, 8530
111, ford, 2017, 29882, 7000
112, ford, 2018, 34819, 17000
114, ford, 2017, 29168, 6980
117, ford, 2017, 21770, 9200
120, ford, 2017, 30318, 7070
121, ford, 2017, 48086, 28500
123, ford, 2017, 57611, 23500
125, ford, 2017, 84916, 10940
126, ford, 2017, 24521, 32100
128, ford, 2017, 35888, 6830
149, ford, 2014, 204155, 6700
152, ford, 2016, 86826, 19900
155, ford, 2016, 62774, 22300
158, ford, 2016, 72885, 22800
161, ford, 2016, 33514, 18500
164, ford, 2016, 77638, 28800
167, ford, 2016, 24157, 21000
170, ford, 2014, 47055, 25800
173, ford, 2014, 75785, 14600
175, ford, 2017, 42289, 15110
176, ford, 2014, 79422, 7900
178, ford, 2017, 66582, 15290
179, ford, 2015, 61436, 26500
181, ford, 2017, 55618, 7320
184, ford, 2017, 40747, 4140
187, ford, 2017, 37176, 4160
190, ford, 2017, 72445, 15840
191, ford, 2014, 123355, 20500
193, ford, 2017, 60219, 4200
194, ford, 2011, 135077, 17400
196, ford, 2017, 76858, 0
197, ford, 2011, 309564, 15700
199, ford, 2017, 90618, 3740
202, ford, 2017, 31563, 3160
205, ford, 2017, 126523, 12990
208, ford, 2017, 209915, 4410
211, ford, 2017, 55854, 7420
212, ford, 2016, 45757, 13500
214, ford, 2017, 112893, 3540
215, ford, 2016, 126802, 17000
217, ford, 2017, 34061, 4130
218, ford, 2015, 70251, 15700
220, ford, 2017, 42426, 4130
223, ford, 2017, 41455, 4530
226, ford, 2017, 38815, 4100
229, ford, 2017, 61027, 4080
230, ford, 2014, 178703, 5700
232, ford, 2017, 37321, 5000
233, ford, 2014, 112789, 1700
235, ford, 2016, 68142, 3650
239, ford, 2012, 90711, 3450
241, ford, 2016, 66781, 6810
242, ford, 2011, 190994, 2900
244, ford, 2016, 32486, 4450
245, ford, 2011, 195908, 5800
248, ford, 2008, 62015, 26500
250, ford, 2016, 73321, 8600
251, ford, 2008, 132379, 8000
253, ford, 2016, 33291, 7040
254, ford, 2005, 225236, 4700
256, ford, 2016, 36876, 4880
259, ford, 2016, 84035, 13270
260, ford, 2012, 131101, 12800
262, ford, 2016, 101380, 9280
263, ford, 2003, 142027, 900
264, ford, 2016, 111476, 7560
265, ford, 2011, 76897, 19500
267, ford, 2016, 31944, 8020
268, ford, 2019, 18937, 10300
270, ford, 2016, 57289, 10480
271, ford, 2019, 19956, 10300
273, ford, 2016, 21034, 7410
274, ford, 2019, 22881, 10300
276, ford, 2016, 37252, 7570
279, ford, 2019, 15958, 12560
282, ford, 2017, 30553, 11760
285, ford, 2000, 124969, 0
286, ford, 2019, 15854, 7340
294, ford, 2017, 67279, 725
295, ford, 2019, 16482, 7400
302, ford, 2006, 26914, 720
303, ford, 2017, 67217, 22800
304, ford, 2017, 78698, 2500
305, ford, 2003, 246065, 0
312, ford, 2017, 50732, 22809
313, ford, 1998, 186855, 0
314, ford, 2013, 94004, 0
321, ford, 2017, 49024, 23702
322, ford, 1994, 0, 0
323, ford, 1997, 203297, 0
329, ford, 2017, 46955, 24800
330, ford, 1996, 296860, 0
331, ford, 2006, 203158, 0
338, ford, 2017, 57186, 27003
339, ford, 2002, 214800, 0
340, ford, 2004, 236980, 350
345, ford, 2015, 102700, 3920
346, ford, 2017, 53270, 23100
352, ford, 2015, 143818, 8850
353, ford, 2017, 67347, 18712
354, ford, 2009, 180364, 0
355, ford, 2009, 184889, 0
360, ford, 2015, 124542, 3440
361, ford, 2017, 47129, 50412
362, ford, 1994, 206162, 25
363, ford, 2001, 229886, 950
368, ford, 2015, 100893, 3790
369, ford, 2017, 90304, 40514
370, ford, 1997, 146912, 0
371, ford, 1998, 131367, 0
376, ford, 2015, 50593, 3830
377, ford, 2017, 62387, 43402
384, ford, 2015, 82899, 10630
385, ford, 2017, 76418, 43009
387, ford, 2006, 240740, 4600
392, ford, 2015, 82534, 3830
393, ford, 2017, 55732, 53500
394, ford, 2010, 198596, 25
395, ford, 1998, 300021, 25
402, ford, 2015, 74754, 6490
403, ford, 2017, 27661, 51502
404, ford, 2010, 115241, 250
405, ford, 1984, 41577, 25
413, ford, 2015, 26911, 9210
414, ford, 2019, 21527, 58500
415, ford, 2014, 56461, 125
433, ford, 2017, 35905, 33001
434, ford, 2017, 35747, 10000
435, ford, 2004, 167011, 0
445, ford, 2011, 116480, 4480
446, ford, 2017, 72084, 31003
447, ford, 2001, 295780, 75
457, ford, 2017, 34165, 27102
469, ford, 2017, 25698, 23911
470, ford, 2010, 155242, 25
481, ford, 2017, 19850, 26012
482, ford, 2014, 116535, 75
495, ford, 2017, 18647, 25503
496, ford, 1996, 252588, 0
509, ford, 2017, 27773, 25001
510, ford, 2010, 86841, 0
521, ford, 2017, 14053, 29502
522, ford, 2008, 145483, 0
532, ford, 2010, 185983, 3870
533, ford, 2017, 28464, 24811
534, ford, 2007, 154989, 75
544, ford, 2017, 36295, 26400
554, ford, 2019, 15630, 27705
556, ford, 2019, 14786, 28714
558, ford, 2019, 16146, 27502
560, ford, 2019, 15265, 29314
562, ford, 2019, 16059, 27002
564, ford, 2019, 15569, 28214
566, ford, 2019, 17488, 29900
568, ford, 2019, 18550, 27202
570, ford, 2019, 17644, 27705
572, ford, 2019, 17684, 29900
574, ford, 2019, 16600, 27705
576, ford, 2019, 17801, 25511
578, ford, 2019, 17159, 29900
580, ford, 2019, 17983, 27502
582, ford, 2019, 17851, 27402
584, ford, 2019, 18174, 26602
586, ford, 2019, 18759, 29900
588, ford, 2019, 18901, 28500
590, ford, 2019, 21157, 29809
592, ford, 2019, 23964, 26902
594, ford, 2019, 20154, 27402
596, ford, 2019, 23294, 25600
598, ford, 2019, 20343, 27702
600, ford, 2019, 19100, 27102
601, ford, 2019, 20014, 27102
602, ford, 2019, 21774, 25811
603, ford, 2019, 21201, 26602
604, ford, 2019, 21766, 27102
606, ford, 2019, 17977, 26211
607, ford, 2019, 22805, 24205
609, ford, 2019, 14382, 27111
610, ford, 2019, 9660, 27411
611, ford, 2019, 18969, 27302
612, ford, 2019, 24730, 27202
613, ford, 2019, 15847, 26311
614, ford, 2019, 25009, 26602
616, ford, 2019, 11836, 27511
618, ford, 2019, 25508, 27200
619, ford, 2019, 18196, 26511
620, ford, 2019, 16106, 24002
622, ford, 2019, 12735, 18511
625, ford, 2019, 17417, 23402
628, ford, 2019, 17025, 23211
630, ford, 2019, 15805, 18111
632, ford, 2019, 11342, 25511
1198, ford, 2017, 92100, 28500
1199, ford, 2017, 99375, 28000
1200, ford, 2017, 72418, 9000
1201, ford, 2015, 29733, 28700
1202, ford, 2017, 119439, 25000
1203, ford, 2015, 54396, 17347
1204, ford, 2016, 91606, 13800
1205, ford, 2015, 2807, 25888
1206, ford, 2017, 78739, 8500
1207, ford, 2015, 71955, 21289
1208, ford, 2015, 48472, 17999
1209, ford, 2012, 98470, 2700
1210, ford, 2015, 28937, 30977
1211, ford, 2015, 83693, 13799
1212, ford, 2014, 90888, 20500
1213, ford, 2012, 216942, 8500
1214, ford, 2015, 205796, 9900
1215, ford, 2019, 6500, 65500
1216, ford, 2018, 39943, 24500
1217, ford, 2020, 5920, 32500
1218, ford, 2018, 71478, 9200
1219, ford, 2017, 119520, 17700
1220, ford, 2020, 10882, 18300
1221, ford, 2019, 29010, 43500
1222, ford, 2016, 69003, 15200
1223, ford, 2019, 16207, 36200
1224, ford, 2018, 29748, 21900
1225, ford, 2019, 25582, 20700
1226, ford, 2019, 24520, 12300
1227, ford, 2016, 104383, 4200
1228, ford, 2019, 34164, 19500
1229, ford, 2020, 6975, 14300
1230, ford, 2016, 67150, 13700
1231, ford, 2015, 100820, 13200
1232, ford, 2014, 142286, 6200
1233, ford, 2015, 60015, 6500
1234, ford, 2013, 126381, 1500
1235, ford, 2013, 128753, 2200
1236, ford, 2013, 0, 4200
1237, ford, 2013, 64598, 8700
1238, ford, 2012, 111532, 3200
1239, ford, 2012, 149346, 9000
1240, ford, 2018, 43567, 20000
1241, ford, 2017, 36004, 33000
1242, ford, 2019, 10935, 23300
1243, ford, 2017, 150484, 8750
1244, ford, 2012, 122014, 11975
1245, ford, 2019, 19363, 23600
1246, ford, 2016, 42902, 12000
1247, ford, 2018, 401, 30900
1248, ford, 2019, 11077, 23900
1249, ford, 2018, 34100, 40400
1250, ford, 2019, 30018, 38000
1251, ford, 2019, 18279, 27000
1252, ford, 2019, 7373, 24000
1253, ford, 2019, 2590, 30000
1254, ford, 2019, 41662, 16200
1255, ford, 2019, 15019, 30000
1256, ford, 2019, 9420, 23900
1257, ford, 2018, 41864, 13800
1258, ford, 2019, 16829, 23700
1259, ford, 2018, 6290, 24300
1260, ford, 2019, 14393, 54900
1261, ford, 2018, 14599, 22500
1262, ford, 2018, 25839, 39000
1263, ford, 2018, 60715, 13900
1264, ford, 2018, 23350, 24700
1265, ford, 2018, 62386, 20100
1266, ford, 2018, 6248, 22000
1267, ford, 2019, 878, 38200
1268, ford, 2018, 49710, 24400
1269, ford, 2018, 2042, 35000
1270, ford, 2019, 7742, 18600
1271, ford, 2018, 39733, 22700
1272, ford, 2018, 33701, 38000
1273, ford, 2014, 67542, 17000
1274, ford, 2017, 35095, 17500
1275, ford, 2019, 8652, 23200
1276, ford, 2017, 51107, 30700
1277, ford, 2019, 14987, 23500
1278, ford, 2017, 28252, 26400
1279, ford, 2019, 16009, 23500
1280, ford, 2017, 47866, 38000
1281, ford, 2019, 11004, 23600
1282, ford, 2017, 42895, 19300
1283, ford, 2019, 9490, 23200
1284, ford, 2017, 39027, 13800
1285, ford, 2019, 13466, 23600
1286, ford, 2019, 8737, 23200
1287, ford, 2017, 23960, 40000
1288, ford, 2019, 5562, 23400
1289, ford, 2019, 13763, 23600
1290, ford, 2019, 10444, 23000
1291, ford, 2017, 41696, 25500
1292, ford, 2019, 15787, 23500
1293, ford, 2017, 9167, 29900
1294, ford, 2019, 17541, 23200
1295, ford, 2017, 24686, 50500
1296, ford, 2019, 15210, 23400
1297, ford, 2017, 54601, 24500
1298, ford, 2017, 2205, 49000
1299, ford, 2017, 35691, 25400
1300, ford, 2017, 32788, 23000
1301, ford, 2012, 180471, 6000
1302, ford, 2016, 42925, 22400
1303, ford, 2016, 37385, 22500
1304, ford, 2019, 15415, 25200
1305, ford, 2016, 20047, 36000
1306, ford, 2019, 16884, 26700
1307, ford, 2016, 57936, 30500
1308, ford, 2019, 15244, 26700
1309, ford, 2019, 19842, 25000
1310, ford, 2016, 38830, 35200
1311, ford, 2019, 31899, 30300
1312, ford, 2016, 69305, 25000
1313, ford, 2016, 46098, 26500
1314, ford, 2019, 29457, 21600
1315, ford, 2016, 30765, 18800
1316, ford, 2019, 29096, 21500
1317, ford, 2016, 40437, 9000
1318, ford, 2015, 69004, 16700
1319, ford, 2015, 65179, 16800
1320, ford, 2015, 75862, 15700
1321, ford, 2015, 68319, 16800
1322, ford, 2015, 80354, 19500
1323, ford, 2015, 51441, 20500
1324, ford, 2015, 70954, 17400
1325, ford, 2014, 92500, 17500
1326, ford, 2014, 66367, 26000
1327, ford, 2019, 13884, 56700
1328, ford, 2013, 202565, 5000
1329, ford, 2019, 26484, 40200
1330, ford, 2013, 703, 54000
1331, ford, 2019, 18138, 65200
1332, ford, 2017, 28007, 32500
1333, ford, 2019, 11251, 25500
1334, ford, 2019, 11640, 63000
1335, ford, 2019, 10763, 44000
1336, ford, 2019, 9643, 70000
1337, ford, 2019, 33930, 56200
1338, ford, 2019, 26451, 35000
1339, ford, 2019, 21101, 57700
1340, ford, 2019, 10536, 74000
1341, ford, 2019, 31744, 60200
1342, ford, 2018, 18062, 60000
1343, ford, 2018, 17942, 63000
1344, ford, 2014, 43646, 22500
1345, ford, 2014, 71989, 8300
1346, ford, 2012, 138328, 8300
1347, ford, 2013, 95386, 21000
1348, ford, 2019, 23740, 19300
1349, ford, 2019, 36064, 16400
1350, ford, 2019, 18805, 27300
1351, ford, 2012, 151035, 26400
1352, ford, 2019, 10099, 35100
1353, ford, 2018, 9800, 41500
1354, ford, 2019, 10483, 34100
1355, ford, 2019, 17544, 28600
1356, ford, 2019, 10167, 34100
1357, ford, 2019, 11457, 28700
1358, ford, 2019, 26590, 24700
1359, ford, 2019, 35346, 46500
1360, ford, 2019, 12953, 29000
1361, ford, 2019, 26693, 25500
1362, ford, 2019, 25071, 39500
1363, ford, 2019, 33538, 33100
1364, ford, 2019, 9915, 30500
1365, ford, 2018, 1, 3600
1366, ford, 2019, 9910, 16800
1367, ford, 2019, 16765, 24000
1368, ford, 2019, 4970, 58500
1369, ford, 2017, 43964, 55000
1370, ford, 2019, 40785, 28800
1371, ford, 2015, 108998, 26800
1372, ford, 2018, 58576, 36000
1373, ford, 2018, 55475, 20000
1374, ford, 2019, 35929, 46700
1375, ford, 2019, 21669, 42800
1376, ford, 2018, 16079, 21800
1377, ford, 2018, 41147, 18800
1378, ford, 2018, 45798, 18800
1379, ford, 2018, 21703, 30200
1380, ford, 2018, 22284, 27500
1381, ford, 2018, 24567, 37500
1382, ford, 2018, 30594, 19100
1383, ford, 2018, 52747, 17100
1384, ford, 2018, 21592, 13500
1385, ford, 2018, 19853, 54500
1386, ford, 2018, 25201, 9000
1387, ford, 2020, 10351, 16400
1388, ford, 2020, 1117, 17000
1389, ford, 2017, 37279, 24800
1390, ford, 2017, 30113, 26800
1391, ford, 2017, 27570, 19400
1392, ford, 2017, 45188, 20000
1393, ford, 2012, 149712, 7000
1394, ford, 2017, 25030, 25100
1395, ford, 2013, 105743, 2000
1396, ford, 2020, 9861, 18200
1397, ford, 2018, 1751, 14200
1398, ford, 2017, 30629, 56500
1399, ford, 2016, 52883, 2000
1400, ford, 2020, 122, 26500
1401, ford, 2019, 28534, 34300
1402, ford, 2017, 80699, 43500
1403, ford, 2016, 72851, 3500
1404, ford, 2019, 24078, 37200
1405, ford, 2017, 38639, 12800
1406, ford, 2013, 146807, 15000
1407, ford, 2017, 31871, 12500
1408, ford, 2017, 76876, 21500
1409, ford, 2019, 28070, 17300
1410, ford, 2017, 3189, 27000
1411, ford, 2017, 28359, 31800
1412, ford, 2017, 42890, 13000
1413, ford, 2017, 29328, 31800
1414, ford, 2016, 47531, 46300
1415, ford, 2015, 57345, 6000
1416, ford, 2016, 67546, 22800
1417, ford, 2019, 18153, 45000
1418, ford, 2019, 17689, 49500
1419, ford, 2012, 137171, 3000
1420, ford, 2015, 63445, 20000
1421, ford, 2019, 26422, 25300
1422, ford, 2015, 149319, 4000
1423, ford, 2019, 18767, 45500
1424, ford, 2018, 38289, 9100
1425, ford, 2019, 22960, 48000
1426, ford, 2019, 17263, 47000
1427, ford, 2019, 16981, 49500
1428, ford, 2019, 13058, 31200
1429, ford, 2014, 45887, 18500
1430, ford, 2019, 21740, 15500
1431, ford, 2019, 17707, 30500
1432, ford, 2019, 19121, 45500
1433, ford, 2019, 18856, 31500
1434, ford, 2013, 84752, 11000
1435, ford, 2019, 19555, 46500
1436, ford, 2019, 16340, 31500
1437, ford, 2018, 17242, 32000
1438, ford, 2019, 28733, 23900
1439, ford, 2019, 16019, 31500
1440, ford, 2016, 75580, 18500
1441, ford, 2013, 113444, 1500
1442, ford, 2019, 19227, 46000
1443, ford, 2019, 13633, 31500
1444, ford, 2015, 37739, 14700
1445, ford, 2013, 103541, 2700
1446, ford, 2019, 24072, 47500
1447, ford, 2019, 17657, 31500
1448, ford, 2014, 77392, 8900
1449, ford, 2019, 11930, 7000
1450, ford, 2019, 19731, 49000
1451, ford, 2019, 15581, 31500
1452, ford, 2014, 70181, 8900
1453, ford, 2019, 16143, 48000
1454, ford, 2019, 17995, 50000
1455, ford, 2019, 23926, 47300
1456, ford, 2017, 57929, 45000
1457, ford, 2019, 20758, 49000
1458, ford, 2019, 10028, 40200
1459, ford, 2019, 21051, 48000
1460, ford, 2015, 136307, 5000
1461, ford, 2013, 105880, 8200
1462, ford, 2019, 19985, 49000
1463, ford, 2015, 102590, 4000
1464, ford, 2019, 27612, 39000
1465, ford, 2015, 90855, 29000
1466, ford, 2019, 19936, 46500
1467, ford, 2015, 64495, 7805
1468, ford, 2018, 39477, 22000
1469, ford, 2019, 25698, 18800
1470, ford, 2015, 73849, 33000
1471, ford, 2019, 25422, 39500
1472, ford, 2015, 47866, 16900
1473, ford, 2019, 31236, 42500
1474, ford, 2019, 26755, 39500
1475, ford, 2018, 49177, 25500
1476, ford, 2019, 20749, 49500
1477, ford, 2018, 15003, 25000
1478, ford, 2019, 12247, 40000
1479, ford, 2018, 1, 26000
1480, ford, 2019, 10808, 29500
1481, ford, 2019, 11263, 23000
1482, ford, 2018, 42307, 25500
1483, ford, 2019, 17484, 44500
1484, ford, 2019, 37106, 15600
1485, ford, 2019, 9539, 23100
1486, ford, 2019, 2384, 37000
1487, ford, 2019, 20590, 14500
1488, ford, 2019, 13896, 23000
1489, ford, 2019, 9451, 26500
1490, ford, 2017, 31657, 18000
1491, ford, 2019, 33907, 35700
1492, ford, 2019, 10028, 31000
1493, ford, 2013, 175640, 2000
1494, ford, 2019, 30770, 40400
1495, ford, 2019, 15141, 43600
1496, ford, 2019, 18431, 22600
1497, ford, 2019, 9604, 26000
1498, ford, 2019, 9516, 23200
1499, ford, 2019, 9718, 29000
1500, ford, 2019, 16506, 22800
1501, ford, 2015, 192108, 3450
1502, ford, 2019, 11028, 31000
1503, ford, 2019, 11313, 22900
1504, ford, 2014, 141595, 3000
1505, ford, 2019, 12886, 28000
1506, ford, 2019, 9556, 23200
1507, ford, 2019, 13269, 27000
1508, ford, 2019, 16770, 22800
1509, ford, 2019, 13526, 31500
1510, ford, 2019, 16391, 23400
1511, ford, 2019, 11437, 28000
1512, ford, 2019, 17964, 23400
1513, ford, 2018, 5440, 28000
1514, ford, 2019, 13035, 24900
1515, ford, 2019, 15759, 23500
1516, ford, 2018, 30002, 36000
1517, ford, 2019, 13673, 28700
1518, ford, 2018, 24480, 16000
1519, ford, 2019, 13230, 31000
1520, ford, 2017, 137789, 16500
1521, ford, 2019, 13516, 28500
1522, ford, 2017, 81660, 10800
1523, ford, 2019, 11763, 28500
1524, ford, 2017, 34165, 25000
1525, ford, 2019, 13458, 31000
1526, ford, 2016, 104867, 7800
1527, ford, 2019, 14004, 28500
1528, ford, 2016, 69829, 9500
1529, ford, 2019, 13405, 28500
1530, ford, 2016, 96151, 14500
1531, ford, 2019, 12688, 25000
1532, ford, 2016, 116519, 14500
1533, ford, 2019, 12260, 28500
1534, ford, 2016, 29367, 12100
1535, ford, 2019, 18982, 29400
1536, ford, 2019, 23795, 24700
1537, ford, 2016, 76572, 8700
1538, ford, 2019, 15964, 29500
1539, ford, 2019, 28117, 25800
1540, ford, 2016, 116730, 17500
1541, ford, 2019, 21055, 23900
1542, ford, 2019, 27794, 22900
1543, ford, 2016, 56995, 19500
1544, ford, 2019, 16625, 29500
1545, ford, 2019, 27689, 24500
1546, ford, 2016, 39851, 11000
1547, ford, 2019, 31727, 22400
1548, ford, 2019, 31586, 15700
1549, ford, 2015, 33717, 11000
1550, ford, 2019, 18418, 28000
1551, ford, 2019, 39013, 13500
1552, ford, 2013, 125451, 7300
1553, ford, 2019, 21346, 25100
1554, ford, 2019, 21150, 24100
1555, ford, 2014, 103862, 6500
1556, ford, 2019, 22001, 10500
1557, ford, 2019, 31261, 16900
1558, ford, 2013, 140870, 6000
1559, ford, 2019, 14358, 28500
1560, ford, 2019, 41672, 16200
1561, ford, 2013, 95655, 6500
1562, ford, 2019, 19493, 24500
1563, ford, 2019, 36956, 16500
1564, ford, 2017, 23223, 56500
1565, ford, 2019, 13085, 10400
1566, ford, 2018, 36124, 22800
1567, ford, 2019, 19147, 26500
1568, ford, 2019, 24993, 23800
1569, ford, 2018, 41127, 24700
1570, ford, 2019, 32365, 12400
1571, ford, 2019, 27774, 16600
1572, ford, 2015, 105027, 11200
1573, ford, 2019, 27806, 15900
1574, ford, 2015, 54198, 7700
1575, ford, 2019, 30181, 15100
1576, ford, 2013, 82670, 7200
1577, ford, 2019, 36305, 15600
1578, ford, 2019, 10475, 39700
1579, ford, 2019, 34734, 16000
1580, ford, 2012, 186713, 7500
1581, ford, 2017, 132150, 15500
1582, ford, 2019, 12928, 19000
1583, ford, 2015, 116539, 5500
1584, ford, 2018, 59549, 38700
1585, ford, 2019, 12174, 21000
1586, ford, 2016, 96129, 28500
1587, ford, 2018, 89809, 37200
1588, ford, 2019, 18202, 18500
1589, ford, 2015, 128505, 15000
1590, ford, 2017, 43527, 37700
1591, ford, 2019, 15792, 22200
1592, ford, 2019, 9278, 39950
1593, ford, 2017, 41925, 37600
1594, ford, 2019, 16924, 18500
1595, ford, 2013, 119869, 10000
1596, ford, 2019, 17260, 20500
1597, ford, 2013, 89490, 5700
1598, ford, 2019, 40772, 21000
1599, ford, 2019, 25623, 22500
1600, ford, 2019, 11669, 29000
1601, ford, 2013, 138524, 13200
1602, ford, 2019, 13644, 25500
1603, ford, 2016, 147935, 25700
1604, ford, 2015, 44456, 18900
1605, ford, 2019, 20357, 31500
1606, ford, 2017, 66366, 45500
1607, ford, 2017, 43532, 11000
1608, ford, 2015, 45218, 18288
1609, ford, 2017, 85688, 20000
1610, ford, 2016, 58902, 36600
1611, ford, 2015, 59869, 18299
1612, ford, 2017, 35021, 10000
1613, ford, 2012, 100264, 4100
1614, ford, 2015, 157057, 30995
1615, ford, 2012, 181316, 1750
1616, ford, 2019, 23222, 31500
1617, ford, 2016, 87686, 13500
1618, ford, 2014, 162918, 7500
1619, ford, 2017, 0, 650
1620, ford, 2019, 32526, 22800
1621, ford, 2016, 69402, 11300
1622, ford, 2014, 76336, 32700
1623, ford, 2012, 163334, 1350
1624, ford, 2019, 47628, 21900
1625, ford, 2014, 135283, 11700
1626, ford, 2014, 147903, 6500
1627, ford, 2014, 74181, 9800
1628, ford, 2014, 77386, 11000
1629, ford, 2014, 123349, 1150
1630, ford, 2013, 136661, 13000
1631, ford, 2013, 109600, 5500
1632, ford, 2014, 125369, 6000
1633, ford, 2013, 122861, 11200
1634, ford, 2016, 110826, 5000
1635, ford, 2019, 12198, 23400
1636, ford, 2019, 45512, 13500
1637, ford, 2019, 15656, 22900
1638, ford, 2020, 23984, 20000
1639, ford, 2019, 15821, 22900
1640, ford, 2020, 12748, 27000
1641, ford, 2019, 9865, 54500
1642, ford, 2020, 17858, 20600
1643, ford, 2019, 6711, 23500
1644, ford, 2019, 14939, 53000
1645, ford, 2019, 15820, 23600
1646, ford, 2019, 6140, 33500
1647, ford, 2019, 25552, 24400
1648, ford, 2016, 54984, 13000
1649, ford, 2019, 24783, 48400
1650, ford, 2014, 148442, 26500
1651, ford, 2019, 34191, 46200
1652, ford, 2013, 82072, 9300
1653, ford, 2012, 104559, 13500
1654, ford, 2019, 13265, 27600
1655, ford, 2013, 133314, 7400
1656, ford, 2019, 22458, 26500
1657, ford, 2013, 70106, 26000
1658, ford, 2019, 23712, 24500
1659, ford, 2012, 101848, 2100
1660, ford, 2019, 14994, 16700
1661, ford, 2015, 59726, 17500
1662, ford, 2019, 16448, 17000
1663, ford, 2015, 28801, 22500
1664, ford, 2019, 28938, 34500
1665, ford, 2019, 19022, 16600
1666, ford, 2014, 93832, 7500
1667, ford, 2019, 25046, 34500
1668, ford, 2019, 22318, 25000
1669, ford, 2019, 17301, 36000
1670, ford, 2019, 27413, 23700
1671, ford, 2019, 39733, 28600
1672, ford, 2013, 74195, 23500
1673, ford, 2019, 44383, 25300
1674, ford, 2019, 19151, 24900
1675, ford, 2012, 188394, 20300
1676, ford, 2020, 2452, 23400
1677, ford, 2019, 36252, 14600
1678, ford, 2019, 27136, 25500
1679, ford, 2019, 35951, 14700
1680, ford, 2019, 35221, 33700
1681, ford, 2019, 33808, 33400
1682, ford, 2019, 32022, 34000
1683, ford, 2019, 34173, 17500
1684, ford, 2019, 24272, 14100
1685, ford, 2019, 19055, 30000
1686, ford, 2019, 34822, 16500
1687, ford, 2019, 15422, 30600
1688, ford, 2019, 24765, 12800
1689, ford, 2019, 23019, 26000
1690, ford, 2019, 38243, 46000
1691, ford, 2019, 16509, 28500
1692, ford, 2019, 18762, 24300
1693, ford, 2019, 28854, 29000
1694, ford, 2019, 17392, 15300
1695, ford, 2019, 13558, 27900
1696, ford, 2019, 27082, 24700
1697, ford, 2019, 17510, 14400
1698, ford, 2019, 24662, 15000
1699, ford, 2014, 96076, 17200
1700, ford, 2019, 22858, 12800
1701, ford, 2020, 740, 46900
1702, ford, 2013, 110748, 2800
1703, ford, 2019, 25090, 16200
1704, ford, 2020, 7, 25200
1705, ford, 2019, 34277, 34800
1706, ford, 2019, 34527, 52000
1707, ford, 2017, 99923, 26000
1708, ford, 2019, 39170, 40600
1709, ford, 2019, 16569, 55000
1710, ford, 2015, 80612, 5000
1711, ford, 2019, 36616, 36400
1712, ford, 2015, 92165, 7500
1713, ford, 2019, 44778, 14700
1714, ford, 2020, 2089, 43900
1715, ford, 2013, 91652, 6400
1716, ford, 2019, 35801, 41100
1717, ford, 2013, 88781, 23000
1718, ford, 2019, 36978, 13900
1719, ford, 2012, 189776, 19000
1720, ford, 2019, 35233, 34800
1721, ford, 2012, 151641, 22000
1722, ford, 2019, 37044, 16300
1723, ford, 2019, 15835, 18800
1724, ford, 2012, 201187, 13000
1725, ford, 2019, 41928, 40900
1726, ford, 2019, 37059, 47000
1727, ford, 2017, 33763, 12800
1728, ford, 2019, 29850, 25500
1729, ford, 2019, 26675, 17800
1730, ford, 2019, 17828, 25700
1731, ford, 2019, 29632, 17200
1732, ford, 2019, 11544, 35000
1733, ford, 2019, 21976, 28800
1734, ford, 2019, 43617, 39200
1735, ford, 2019, 49254, 13600
1736, ford, 2019, 51589, 24200
1737, ford, 2019, 41399, 46900
1738, ford, 2019, 11734, 26500
1739, ford, 2019, 41628, 24700
1740, ford, 2017, 15075, 12600
1741, ford, 2019, 26591, 31800
1742, ford, 2019, 22906, 24500
1743, ford, 2019, 33462, 26000
1744, ford, 2017, 32747, 21000
1745, ford, 2019, 33717, 22500
1746, ford, 2017, 85218, 7700
1747, ford, 2019, 23512, 23100
1748, ford, 2017, 57853, 9200
1749, ford, 2019, 33324, 19600
1750, ford, 2016, 23803, 11700
1751, ford, 2019, 31260, 27300
1752, ford, 2016, 69428, 14300
1753, ford, 2019, 15755, 23600
1754, ford, 2016, 90946, 6200
1755, ford, 2019, 51370, 22400
1756, ford, 2016, 99941, 5700
1757, ford, 2019, 15456, 23600
1758, ford, 2016, 141603, 4600
1759, ford, 2019, 2382, 37500
1760, ford, 2016, 99544, 10700
1761, ford, 2019, 21546, 31900
1762, ford, 2019, 16293, 31600
1763, ford, 2018, 40375, 12600
1764, ford, 2013, 143191, 5300
1765, ford, 2018, 363, 3900
1766, ford, 2015, 59656, 13000
1767, ford, 2018, 37878, 11800
1768, ford, 2019, 20628, 24600
1769, ford, 2014, 71205, 14500
1770, ford, 2018, 26186, 24300
1771, ford, 2018, 38157, 12300
1772, ford, 2016, 30325, 14800
1773, ford, 2018, 31561, 17100
1774, ford, 2016, 66655, 6800
1775, ford, 2018, 19029, 20300
1776, ford, 2018, 11739, 26300
1777, ford, 2016, 50423, 22500
1778, ford, 2019, 25638, 41200
1779, ford, 2017, 59798, 20400
1780, ford, 2019, 5035, 49900
1781, ford, 2017, 32284, 12100
1782, ford, 2016, 40371, 24000
1783, ford, 2017, 107569, 9500
1784, ford, 2017, 96451, 9000
1785, ford, 2017, 94851, 9800
1786, ford, 2017, 108727, 7800
1787, ford, 2017, 91979, 17200
1788, ford, 2017, 76258, 18800
1789, ford, 2014, 147574, 9800
1790, ford, 2013, 104764, 7000
1791, ford, 2019, 16934, 44000
1792, ford, 2019, 13822, 23400
1793, ford, 2019, 5250, 30700
1794, ford, 2019, 33451, 15600
1795, ford, 2019, 14291, 22600
1796, ford, 2019, 16725, 22900
1797, ford, 2019, 13002, 22800
1798, ford, 2019, 18902, 22700
1799, ford, 2019, 9732, 23000
1800, ford, 2019, 18947, 22700
1801, ford, 2019, 8402, 23000
1802, ford, 2019, 17450, 34400
1803, ford, 2016, 53986, 36500
1804, ford, 2019, 15848, 23100
1805, ford, 2019, 10770, 23300
1806, ford, 2019, 14587, 22600
1807, ford, 2016, 98625, 4500
1808, ford, 2019, 10916, 23000
1809, ford, 2014, 107173, 8000
1810, ford, 2019, 10134, 11500
1811, ford, 2017, 43056, 9400
1812, ford, 2019, 10655, 23000
1813, ford, 2012, 173601, 2800
1814, ford, 2019, 14231, 22600
1815, ford, 2019, 8985, 23000
1816, ford, 2016, 84338, 5200
1817, ford, 2017, 104290, 19200
1818, ford, 2017, 45592, 10100
1819, ford, 2015, 103960, 6200
1820, ford, 2016, 110333, 14000
1821, ford, 2015, 138516, 5000
1822, ford, 2016, 49094, 9200
1823, ford, 2016, 97526, 14700
1824, ford, 2014, 87420, 3000
1825, ford, 2015, 67052, 30200
1826, ford, 2013, 58913, 3800
1827, ford, 2013, 999999, 3200
1828, ford, 2015, 14482, 21500
1829, ford, 2016, 57084, 4900
1830, ford, 2017, 90251, 23000
1831, ford, 2014, 97320, 11200
1832, ford, 2014, 80652, 10400
1833, ford, 2014, 99816, 13200
1834, ford, 2013, 115429, 5200
1835, ford, 2015, 85549, 10500
1836, ford, 2013, 83030, 11900
1837, ford, 2014, 130168, 21200
1838, ford, 2013, 80090, 23500
1839, ford, 2013, 118593, 4700
1840, ford, 2014, 143704, 11100
1841, ford, 2015, 53507, 22000
1842, ford, 2013, 48408, 14000
1843, ford, 2013, 109672, 9200
1844, ford, 2019, 28549, 23300
1845, ford, 2012, 114500, 21700
1846, ford, 2012, 67140, 11200
1847, ford, 2018, 42168, 11300
1848, ford, 2015, 80032, 4200
1849, ford, 2018, 52240, 10900
1850, ford, 2019, 34874, 42300
1851, ford, 2014, 119689, 10500
1852, ford, 2019, 37355, 43400
1853, ford, 2016, 100947, 12500
1854, ford, 2019, 26040, 15900
1855, ford, 2019, 36638, 42500
1856, ford, 2015, 137004, 15000
1857, ford, 2019, 31794, 24700
1858, ford, 2015, 131106, 15500
1859, ford, 2019, 22013, 49000
1860, ford, 2017, 42291, 29000
1861, ford, 2019, 13155, 16800
1862, ford, 2019, 24869, 51000
1863, ford, 2019, 18454, 16500
1864, ford, 2016, 16694, 10000
1865, ford, 2019, 28922, 27900
1866, ford, 2019, 23534, 23700
1867, ford, 2012, 24581, 20000
1868, ford, 2019, 35646, 45600
1869, ford, 2012, 129873, 6000
1870, ford, 2019, 28669, 15600
1871, ford, 2017, 32454, 25000
1872, ford, 2019, 21800, 28500
1873, ford, 2014, 231769, 8000
1874, ford, 2016, 23796, 19990
1875, ford, 2019, 42506, 34400
1876, ford, 2016, 6249, 30999
1877, ford, 2019, 47496, 41000
1878, ford, 2016, 10700, 27999
1879, ford, 2019, 39604, 42000
1880, ford, 2013, 250831, 8000
1881, ford, 2016, 7275, 29795
1882, ford, 2019, 8806, 24700
1883, ford, 2016, 105115, 13995
1884, ford, 2015, 57340, 2900
1885, ford, 2019, 36167, 35400
1886, ford, 2016, 44941, 24549
1887, ford, 2014, 53102, 8900
1888, ford, 2019, 26637, 15800
1889, ford, 2016, 45814, 18500
1890, ford, 2019, 17310, 32000
1891, ford, 2019, 24116, 28300
1892, ford, 2019, 14128, 10500
1893, ford, 2016, 49882, 24970
1894, ford, 2019, 38964, 13800
1895, ford, 2012, 102705, 2580
1896, ford, 2019, 71, 59975
1897, ford, 2012, 98620, 2500
1898, ford, 2016, 15825, 28990
1899, ford, 2019, 29499, 50000
1900, ford, 2014, 100255, 33800
1901, ford, 2019, 174, 59975
1902, ford, 2013, 167552, 2500
1903, ford, 2016, 16956, 46999
1904, ford, 2019, 36896, 16700
1905, ford, 2013, 77281, 34700
1906, ford, 2019, 24795, 28900
1907, ford, 2016, 16771, 30800
1908, ford, 2019, 28692, 27100
1909, ford, 2012, 113821, 13388
1910, ford, 2019, 19793, 26000
1911, ford, 2016, 27940, 17900
1912, ford, 2019, 24987, 23400
1913, ford, 2016, 18367, 29800
1914, ford, 2019, 14109, 23700
1915, ford, 2012, 158781, 1725
1916, ford, 2016, 27369, 33995
1917, ford, 2019, 30208, 23500
1918, ford, 2019, 24024, 32500
1919, ford, 2016, 64999, 2500
1920, ford, 2019, 8404, 39000
1921, ford, 2018, 8884, 11000
1922, ford, 2019, 24126, 32500
1923, ford, 2012, 129659, 800
1924, ford, 2019, 31713, 26900
1925, ford, 2016, 109996, 11200
1926, ford, 2018, 6821, 21000
1927, ford, 2019, 17867, 32000
1928, ford, 2016, 110253, 7300
1929, ford, 2018, 39364, 12800
1930, ford, 2018, 4018, 24190
1931, ford, 2019, 21054, 29100
1932, ford, 2017, 48309, 29000
1933, ford, 2016, 68666, 17300
1934, ford, 2018, 34071, 19888
1935, ford, 2019, 13600, 31000
1936, ford, 2017, 44956, 37200
1937, ford, 2016, 72607, 8600
1938, ford, 2018, 33815, 24857
1939, ford, 2019, 31491, 23500
1940, ford, 2018, 32149, 26100
1941, ford, 2016, 26654, 10800
1942, ford, 2018, 36637, 20995
1943, ford, 2019, 17000, 29300
1944, ford, 2018, 15960, 33100
1945, ford, 2016, 40774, 13800
1946, ford, 2018, 40338, 19498
1947, ford, 2019, 40505, 14900
1948, ford, 2016, 30735, 8700
1949, ford, 2019, 33965, 20600
1950, ford, 2018, 7339, 5000
1951, ford, 2018, 42470, 19995
1952, ford, 2019, 40670, 14900
1953, ford, 2016, 41233, 19500
1954, ford, 2019, 13162, 24500
1955, ford, 2018, 38744, 15000
1956, ford, 2018, 14023, 26985
1957, ford, 2019, 9741, 31000
1958, ford, 2017, 31017, 24300
1959, ford, 2019, 37786, 16800
1960, ford, 2018, 32415, 17200
1961, ford, 2018, 10421, 34995
1962, ford, 2019, 29305, 24300
1963, ford, 2017, 51309, 26400
1964, ford, 2019, 38001, 16800
1965, ford, 2018, 18849, 15500
1966, ford, 2018, 43269, 19440
1967, ford, 2019, 36989, 16700
1968, ford, 2017, 29320, 29000
1969, ford, 2019, 34244, 16100
1970, ford, 2018, 32938, 17200
1971, ford, 2018, 40793, 20950
1972, ford, 2017, 94741, 46200
1973, ford, 2019, 25011, 29400
1974, ford, 2014, 363810, 2825
1975, ford, 2018, 6881, 32999
1976, ford, 2014, 80423, 6600
1977, ford, 2017, 92405, 50200
1978, ford, 2019, 15436, 28300
1979, ford, 2017, 104665, 12000
1980, ford, 2018, 16194, 32999
1981, ford, 2014, 48188, 12600
1982, ford, 2017, 65164, 5200
1983, ford, 2019, 35930, 20500
1984, ford, 2012, 167376, 1200
1985, ford, 2018, 13674, 35999
1986, ford, 2019, 9235, 41000
1987, ford, 2017, 103002, 33100
1988, ford, 2019, 12836, 23500
1989, ford, 2015, 137728, 18799
1990, ford, 2018, 6921, 33999
1991, ford, 2019, 14359, 35000
1992, ford, 2017, 58118, 26100
1993, ford, 2019, 31124, 15400
1994, ford, 2015, 25734, 25998
1995, ford, 2018, 14059, 31831
1996, ford, 2019, 13472, 40400
1997, ford, 2013, 123983, 15400
1998, ford, 2019, 35023, 13500
1999, ford, 2015, 39509, 25995
2000, ford, 2018, 4512, 27990
2001, ford, 2015, 51884, 23985
2002, ford, 2018, 4181, 27995
2003, ford, 2015, 56703, 13995
2004, ford, 2018, 4712, 29988
2005, ford, 2015, 102800, 12995
2006, ford, 2018, 7109, 21687
2007, ford, 2016, 100943, 25200
2008, ford, 2015, 3915, 29590
2009, ford, 2018, 15550, 28999
2010, ford, 2015, 62542, 13942
2011, ford, 2018, 38370, 15300
2012, ford, 2020, 671, 35400
2013, ford, 2016, 61477, 32700
2014, ford, 2015, 73891, 13995
2015, ford, 2014, 168805, 1850
2016, ford, 2012, 82564, 15800
2017, ford, 2016, 85649, 36000
2018, ford, 2015, 48374, 15495
2019, ford, 2012, 11990, 21500
2020, ford, 2016, 64111, 7200
2021, ford, 2015, 28771, 17589
2022, ford, 2015, 126708, 31700
2023, ford, 2015, 27165, 31790
2024, ford, 2015, 106546, 18100
2025, ford, 2015, 54778, 14495
2026, ford, 2020, 11729, 15000
2027, ford, 2015, 85197, 26400
2028, ford, 2015, 19130, 27990
2029, ford, 2015, 72369, 19700
2030, ford, 2015, 59646, 15300
2031, ford, 2014, 68418, 22000
2032, ford, 2015, 8400, 23999
2033, ford, 2015, 45084, 16488
2034, ford, 2015, 67037, 12784
2035, ford, 2015, 64135, 23400
2036, ford, 2017, 72377, 9705
2037, ford, 2015, 39367, 25999
2038, ford, 2015, 46540, 34977
2039, ford, 2015, 40677, 19000
2040, ford, 2015, 69438, 15995
2041, ford, 2015, 96246, 13487
2042, ford, 2015, 69719, 18707
2043, ford, 2015, 75933, 15290
2044, ford, 2015, 54325, 15600
2045, ford, 2019, 24902, 47000
2046, ford, 2015, 31793, 16080
2047, ford, 2019, 16505, 50000
2048, ford, 2015, 74361, 15268
2049, ford, 2019, 27868, 47500
2050, ford, 2015, 34011, 18497
2051, ford, 2019, 19993, 10000
2052, ford, 2015, 48115, 19995
2053, ford, 2019, 22543, 49000
2054, ford, 2015, 67091, 17150
2055, ford, 2019, 28790, 45000
2056, ford, 2015, 59391, 14295
2057, ford, 2019, 18449, 49000
2058, ford, 2015, 71824, 16190
2059, ford, 2019, 19304, 49000
2060, ford, 2015, 39159, 17899
2061, ford, 2019, 18708, 26000
2062, ford, 2015, 79430, 14000
2063, ford, 2019, 12393, 15500
2064, ford, 2015, 56329, 16888
2065, ford, 2019, 12155, 28000
2066, ford, 2014, 63291, 8305
2067, ford, 2015, 36041, 21822
2068, ford, 2019, 25810, 15500
2069, ford, 2015, 130388, 12500
2070, ford, 2015, 23878, 15995
2071, ford, 2019, 15460, 16000
2072, ford, 2018, 46710, 38200
2073, ford, 2015, 65342, 12995
2074, ford, 2015, 64061, 14488
2075, ford, 2016, 93164, 17500
2076, ford, 2015, 35629, 21995
2077, ford, 2015, 118483, 8500
2078, ford, 2015, 71573, 16593
2079, ford, 2017, 33660, 13000
2080, ford, 2015, 61168, 14247
2081, ford, 2017, 42241, 23500
2082, ford, 2015, 21004, 16999
2083, ford, 2017, 45003, 25000
2084, ford, 2015, 45278, 20159
2085, ford, 2017, 1, 31000
2086, ford, 2018, 24747, 22500
2087, ford, 2017, 48707, 29500
2088, ford, 2020, 2162, 59900
2089, ford, 2017, 50874, 24000
2090, ford, 2017, 70727, 20500
2091, ford, 2019, 29382, 27200
2092, ford, 2018, 33194, 24900
2093, ford, 2017, 52084, 24500
2094, ford, 2018, 51122, 34000
2095, ford, 2017, 40286, 28000
2096, ford, 2017, 55420, 27000
2097, ford, 2018, 10282, 34000
2098, ford, 2017, 85278, 42500
2099, ford, 2018, 7258, 33000
2100, ford, 2018, 93350, 10200
2101, ford, 2019, 37166, 25600
2102, ford, 2018, 69480, 16300
2103, ford, 2016, 34679, 26500
2104, ford, 2018, 24151, 36500
2105, ford, 2019, 32796, 25900
2106, ford, 2016, 67979, 22500
2107, ford, 2018, 18690, 29000
2108, ford, 2012, 78072, 825
2109, ford, 2016, 54251, 10500
2110, ford, 2018, 32262, 32000
2111, ford, 2015, 92358, 27700
2112, ford, 2015, 90740, 4000
2113, ford, 2018, 35225, 38800
2114, ford, 2015, 129063, 26200
2115, ford, 2018, 49985, 19500
2116, ford, 2015, 52340, 11700
2117, ford, 2018, 21406, 34000
2118, ford, 2019, 16619, 38600
2119, ford, 2015, 41293, 21500
2120, ford, 2018, 37053, 38500
2121, ford, 2018, 34532, 38500
2122, ford, 2017, 13328, 12000
2123, ford, 2018, 56836, 30500
2124, ford, 2016, 48080, 11300
2125, ford, 2018, 12271, 29500
2126, ford, 2014, 97318, 16100
2127, ford, 2018, 12717, 32500
2128, ford, 2019, 12764, 29000
2129, ford, 2018, 19951, 30000
2130, ford, 2019, 32458, 26000
2131, ford, 2018, 21616, 26000
2132, ford, 2019, 17755, 18500
2133, ford, 2017, 73846, 12000
2134, ford, 2018, 15771, 30000
2135, ford, 2019, 29168, 14700
2136, ford, 2017, 159182, 25000
2137, ford, 2018, 15296, 26550
2138, ford, 2019, 30476, 27000
2139, ford, 2016, 131754, 34000
2140, ford, 2018, 26095, 27500
2141, ford, 2018, 22107, 25500
2142, ford, 2019, 31207, 13500
2143, ford, 2015, 112810, 4000
2144, ford, 2018, 19058, 25700
2145, ford, 2015, 109137, 29000
2146, ford, 2018, 24058, 30500
2147, ford, 2018, 6967, 30000
2148, ford, 2014, 118340, 9000
2149, ford, 2018, 36145, 19000
2150, ford, 2019, 33942, 25800
2151, ford, 2018, 38868, 26500
2152, ford, 2019, 36190, 29300
2153, ford, 2018, 37177, 6300
2154, ford, 2019, 39267, 25400
2155, ford, 2018, 33350, 26000
2156, ford, 2017, 57889, 7000
2157, ford, 2018, 34081, 25900
2158, ford, 2019, 26821, 9700
2159, ford, 2018, 40577, 27000
2160, ford, 2019, 52355, 9100
2161, ford, 2018, 30620, 28000
2162, ford, 2019, 22019, 25700
2163, ford, 2018, 36742, 27500
2164, ford, 2019, 32473, 9400
2165, ford, 2018, 43406, 25500
2166, ford, 2019, 34696, 20500
2167, ford, 2018, 43519, 21500
2168, ford, 2019, 37716, 12800
2169, ford, 2018, 41627, 23900
2170, ford, 2019, 29986, 9400
2171, ford, 2018, 41496, 26900
2172, ford, 2019, 20613, 25500
2173, ford, 2018, 33475, 27000
2174, ford, 2019, 32305, 9300
2175, ford, 2018, 38148, 14400
2176, ford, 2019, 39976, 19000
2177, ford, 2018, 50513, 14000
2178, ford, 2019, 31408, 13600
2179, ford, 2018, 41351, 19200
2180, ford, 2019, 32038, 13600
2181, ford, 2018, 38279, 18600
2182, ford, 2019, 30471, 13700
2183, ford, 2018, 41569, 18200
2184, ford, 2019, 31142, 13800
2185, ford, 2018, 31598, 22000
2186, ford, 2019, 31380, 13700
2187, ford, 2018, 22179, 28000
2188, ford, 2019, 29266, 13800
2189, ford, 2018, 42156, 18600
2190, ford, 2019, 30875, 13700
2191, ford, 2019, 30609, 13700
2192, ford, 2019, 29508, 13800
2193, ford, 2019, 12837, 17700
2194, ford, 2019, 29633, 13900
2195, ford, 2019, 27461, 13900
2196, ford, 2018, 74961, 50500
2197, ford, 2019, 32154, 13600
2198, ford, 2018, 37245, 55000
2199, ford, 2019, 29345, 13800
2200, ford, 2018, 25371, 56000
2201, ford, 2019, 30054, 13800
2202, ford, 2018, 11173, 45800
2203, ford, 2019, 30902, 13800
